t,y
0.0,0.0
0.20000000000004547,-0.0008970000000000367
0.39999999999997726,0.00038599999999999746
0.6000000000000227,0.00335599999999997
0.7999999999999545,0.007471000000000005
1.0,0.01029399999999997
1.2000000000000455,0.011025000000000007
1.3999999999999773,0.011492999999999975
1.6000000000000227,0.012367000000000017
1.7999999999999545,0.010572999999999999
2.0,0.008179999999999965
2.2000000000000455,0.006842999999999988
2.3999999999999773,0.007127999999999968
2.6000000000000227,0.00836300000000001
2.7999999999999545,0.007986999999999966
3.0,0.00815699999999997
3.2000000000000455,0.008015999999999968
3.3999999999999773,0.006681999999999966
3.6000000000000227,0.0024049999999999905
3.7999999999999545,0.0016839999999999633
4.0,0.0023809999999999665
4.2000000000000455,0.0015219999999999678
4.399999999999977,-0.0025169999999999915
4.600000000000023,-0.004978000000000038
4.7999999999999545,-0.005583000000000005
5.0,-0.003056000000000003
5.2000000000000455,-0.0002889999999999837
5.399999999999977,0.0032949999999999924
5.600000000000023,0.004539000000000015
5.7999999999999545,0.004394000000000009
6.0,0.0010290000000000021
6.2000000000000455,-0.0005550000000000277
6.399999999999977,-0.00013299999999999423
6.600000000000023,0.002610000000000001
6.7999999999999545,0.0038449999999999873
7.0,0.005772999999999973
7.2000000000000455,0.008085000000000009
7.399999999999977,0.01069199999999998
7.600000000000023,0.010060000000000013
7.7999999999999545,0.007050999999999974
8.0,0.002432999999999963
8.200000000000045,-0.002811000000000008
8.399999999999977,-0.008244000000000029
8.600000000000023,-0.008346999999999993
8.799999999999955,-0.00501299999999999
9.0,-0.0004470000000000307
9.200000000000045,0.0012159999999999949
9.399999999999977,0.0011539999999999884
9.600000000000023,-0.0009060000000000179
9.799999999999955,-0.0012150000000000216
10.0,-0.0025600000000000067
10.200000000000045,-0.0018569999999999975
10.399999999999977,0.0010229999999999961
10.600000000000023,0.0039679999999999715
10.799999999999955,0.002571999999999963
11.0,-0.001725000000000032
11.200000000000045,-0.0021300000000000208
11.399999999999977,-0.0032260000000000066
11.600000000000023,-0.003422000000000036
11.799999999999955,-0.0009390000000000231
12.0,0.00559599999999999
12.200000000000045,0.0062610000000000166
12.399999999999977,0.006767999999999996
12.600000000000023,0.00367099999999998
12.799999999999955,0.0007380000000000164
13.0,-0.0019910000000000205
13.200000000000045,0.00011400000000000299
13.399999999999977,0.002618000000000009
13.600000000000023,0.004656999999999967
13.799999999999955,0.004610999999999976
14.0,0.004908999999999997
14.200000000000045,0.0023199999999999887
14.399999999999977,-0.0004290000000000127
14.600000000000023,-0.0023090000000000055
14.799999999999955,-0.003381000000000023
15.0,-0.003921000000000008
15.200000000000045,-0.0017179999999999973
15.399999999999977,0.0005739999999999634
15.600000000000023,0.0016129999999999756
15.799999999999955,0.004398999999999986
16.0,0.004871000000000014
16.200000000000045,0.004047999999999996
16.399999999999977,0.0007519999999999749
16.600000000000023,0.0006160000000000054
16.799999999999955,0.00041199999999996795
17.0,8.000000000008e-06
17.200000000000045,-0.0022560000000000358
17.399999999999977,-0.002968000000000026
17.600000000000023,-0.003520000000000023
17.799999999999955,-0.003937000000000024
18.0,-0.0030340000000000367
18.200000000000045,-0.0016120000000000023
18.399999999999977,-0.0029980000000000007
18.600000000000023,-0.004923000000000011
18.799999999999955,-0.004697000000000007
19.0,-0.0036630000000000273
19.200000000000045,-0.002493000000000023
19.399999999999977,-0.00020200000000003548
19.600000000000023,0.0023659999999999792
19.799999999999955,0.0010179999999999634
20.0,-0.0021280000000000188
20.200000000000045,-0.00561600000000001
20.399999999999977,-0.007564000000000015
20.600000000000023,-0.008008000000000015
20.799999999999955,-0.006815999999999989
21.0,-0.005041999999999991
21.200000000000045,-0.0026309999999999945
21.399999999999977,-0.0007110000000000172
21.600000000000023,-0.0006200000000000094
21.799999999999955,-0.0012580000000000369
22.0,-0.0027449999999999974
22.200000000000045,-0.0061209999999999876
22.399999999999977,-0.006863000000000008
22.600000000000023,-0.005884
22.799999999999955,-0.0032290000000000374
23.0,-0.0010600000000000054
23.200000000000045,0.0006939999999999724
23.399999999999977,0.0004210000000000047
23.600000000000023,-0.002614000000000005
23.799999999999955,-0.005790999999999991
24.0,-0.0063890000000000335
24.200000000000045,-0.004101000000000021
24.399999999999977,6.699999999998374e-05
24.600000000000023,0.0033139999999999836
24.799999999999955,0.004709999999999992
25.0,0.0022459999999999702
25.200000000000045,0.0009369999999999656
25.399999999999977,-0.0016490000000000116
25.600000000000023,-0.0019689999999999985
25.799999999999955,-0.0017400000000000193
26.0,0.0023869999999999725
26.200000000000045,0.003782999999999981
26.399999999999977,0.002701000000000009
26.600000000000023,0.0020719999999999628
26.799999999999955,0.0034199999999999786
27.0,0.0020629999999999815
27.200000000000045,0.0006569999999999632
27.399999999999977,0.0029679999999999707
27.600000000000023,0.002255000000000007
27.799999999999955,0.0012809999999999766
28.0,0.00214700000000001
28.200000000000045,0.0035399999999999876
28.399999999999977,0.0049899999999999944
28.600000000000023,0.007780999999999982
28.799999999999955,0.00690799999999997
29.0,0.004322999999999966
29.200000000000045,0.0032280000000000086
29.399999999999977,0.0007099999999999884
29.600000000000023,-0.001678999999999986
29.799999999999955,-0.0018770000000000175
30.0,-0.0010080000000000089
30.200000000000045,-0.0012590000000000101
30.399999999999977,-0.0028469999999999884
30.600000000000023,-0.003786999999999985
30.799999999999955,-0.0045640000000000125
31.0,-0.004786999999999986
31.200000000000045,-0.007174000000000014
31.399999999999977,-0.007284000000000013
31.600000000000023,-0.006089000000000011
31.799999999999955,-0.006105000000000027
32.0,-0.0067849999999999855
32.200000000000045,-0.00592100000000001
32.39999999999998,-0.005400000000000016
32.60000000000002,-0.00687500000000002
32.799999999999955,-0.008155999999999997
33.0,-0.009114000000000011
33.200000000000045,-0.007647999999999988
33.39999999999998,-0.007767999999999997
33.60000000000002,-0.00759700000000002
33.799999999999955,-0.0066050000000000275
34.0,-0.005973000000000006
34.200000000000045,-0.006626999999999994
34.39999999999998,-0.007464000000000026
34.60000000000002,-0.007989999999999997
34.799999999999955,-0.008811000000000013
35.0,-0.00882700000000003
35.200000000000045,-0.0071630000000000305
35.39999999999998,-0.0040899999999999825
35.60000000000002,-0.0020900000000000363
35.799999999999955,-0.0027710000000000234
36.0,-0.004977000000000009
36.200000000000045,-0.007730999999999988
36.39999999999998,-0.009804000000000035
36.60000000000002,-0.010707999999999995
36.799999999999955,-0.008804000000000034
37.0,-0.007628999999999997
37.200000000000045,-0.008778000000000008
37.39999999999998,-0.009489999999999998
37.60000000000002,-0.010270000000000001
37.799999999999955,-0.009209000000000023
38.0,-0.007164000000000004
38.200000000000045,-0.0032320000000000126
38.39999999999998,-0.00368099999999999
38.60000000000002,-0.005703000000000014
38.799999999999955,-0.009487999999999996
39.0,-0.010952000000000017
39.200000000000045,-0.014263999999999999
39.39999999999998,-0.012323000000000028
39.60000000000002,-0.009043999999999996
39.799999999999955,-0.007155999999999996
40.0,-0.007875000000000021
40.200000000000045,-0.008840000000000015
40.39999999999998,-0.012842999999999993
40.60000000000002,-0.016093000000000024
40.799999999999955,-0.016401
41.0,-0.015373000000000026
41.200000000000045,-0.01416400000000001
41.39999999999998,-0.012518000000000029
41.60000000000002,-0.009379000000000026
41.799999999999955,-0.007552000000000003
42.0,-0.007935999999999999
42.200000000000045,-0.01024400000000003
42.39999999999998,-0.012656
42.60000000000002,-0.015736000000000028
42.799999999999955,-0.018222000000000016
43.0,-0.01708700000000002
43.200000000000045,-0.014977000000000018
43.39999999999998,-0.012060000000000015
43.60000000000002,-0.010352000000000028
43.799999999999955,-0.008358000000000032
44.0,-0.008367999999999987
44.200000000000045,-0.008803000000000005
44.39999999999998,-0.01055600000000001
44.60000000000002,-0.01100000000000001
44.799999999999955,-0.009757999999999989
45.0,-0.008964000000000028
45.200000000000045,-0.007568000000000019
45.39999999999998,-0.006201000000000012
45.60000000000002,-0.006081000000000003
45.799999999999955,-0.008630000000000027
46.0,-0.013340999999999992
46.200000000000045,-0.01533699999999999
46.39999999999998,-0.015581999999999985
46.60000000000002,-0.013464000000000031
46.799999999999955,-0.012436000000000003
47.0,-0.010832000000000008
47.200000000000045,-0.01164900000000002
47.39999999999998,-0.015110000000000012
47.60000000000002,-0.019132000000000038
47.799999999999955,-0.021062000000000025
48.0,-0.020471000000000017
48.200000000000045,-0.018767000000000034
48.39999999999998,-0.013454000000000021
48.60000000000002,-0.008238999999999996
48.799999999999955,-0.0046820000000000195
49.0,-0.0028900000000000037
49.200000000000045,-0.0020689999999999875
49.39999999999998,-0.005496000000000001
49.60000000000002,-0.010606000000000004
49.799999999999955,-0.01373000000000002
50.0,-0.013738000000000028
50.200000000000045,-0.01107600000000003
50.39999999999998,-0.007296000000000025
50.60000000000002,-0.004186999999999996
50.799999999999955,-0.004302000000000028
51.0,-0.005526000000000031
51.200000000000045,-0.006440000000000001
51.39999999999998,-0.006518999999999997
51.60000000000002,-0.0063429999999999875
51.799999999999955,-0.006848000000000021
52.0,-0.008805000000000007
52.200000000000045,-0.013280000000000014
52.39999999999998,-0.015798000000000034
52.60000000000002,-0.017064999999999997
52.799999999999955,-0.015230999999999995
53.0,-0.01321
53.200000000000045,-0.010389000000000037
53.39999999999998,-0.008689000000000002
53.60000000000002,-0.009907
53.799999999999955,-0.013716000000000006
54.0,-0.017354000000000036
54.200000000000045,-0.021160999999999985
54.39999999999998,-0.024510000000000032
54.60000000000002,-0.024631999999999987
54.799999999999955,-0.021589000000000025
55.0,-0.016668000000000016
55.200000000000045,-0.012909000000000004
55.39999999999998,-0.011375999999999997
55.60000000000002,-0.012402000000000024
55.799999999999955,-0.015039999999999998
56.0,-0.018369000000000024
56.200000000000045,-0.01882800000000001
56.39999999999998,-0.01963100000000001
56.60000000000002,-0.019668999999999992
56.799999999999955,-0.016946000000000017
57.0,-0.012763000000000024
57.200000000000045,-0.009821999999999997
57.39999999999998,-0.007290000000000019
57.60000000000002,-0.004217000000000026
57.799999999999955,-0.00531100000000001
58.0,-0.009048
58.200000000000045,-0.015400999999999998
58.39999999999998,-0.01805699999999999
58.60000000000002,-0.018211000000000033
58.799999999999955,-0.01683499999999999
59.0,-0.014583999999999986
59.200000000000045,-0.010182999999999998
59.39999999999998,-0.007848000000000022
59.60000000000002,-0.00923400000000002
59.799999999999955,-0.011089000000000016
60.0,-0.012319000000000024
60.200000000000045,-0.012790000000000024
60.39999999999998,-0.011940000000000006
60.60000000000002,-0.008591999999999989
60.799999999999955,-0.00537399999999999
61.0,-0.00408200000000003
61.200000000000045,-0.0026960000000000317
61.39999999999998,-0.0008239999999999914
61.60000000000002,-0.0010890000000000066
61.799999999999955,-0.002352999999999994
62.0,-0.004487999999999992
62.200000000000045,-0.007535999999999987
62.39999999999998,-0.012183
62.60000000000002,-0.016722000000000015
62.799999999999955,-0.020556999999999992
63.0,-0.022085999999999995
63.200000000000045,-0.02343400000000001
63.39999999999998,-0.023978
63.60000000000002,-0.022102999999999984
63.799999999999955,-0.020272000000000012
64.0,-0.017686000000000035
64.20000000000005,-0.01456099999999999
64.39999999999998,-0.013197000000000014
64.60000000000002,-0.013748000000000038
64.79999999999995,-0.013705000000000023
65.0,-0.015547000000000033
65.20000000000005,-0.017179
65.39999999999998,-0.017998999999999987
65.60000000000002,-0.018782999999999994
65.79999999999995,-0.01794000000000001
66.0,-0.017645999999999995
66.20000000000005,-0.01840400000000003
66.39999999999998,-0.01725500000000002
66.60000000000002,-0.014844000000000024
66.79999999999995,-0.015006999999999993
67.0,-0.014998000000000011
67.20000000000005,-0.01494200000000001
67.39999999999998,-0.014508999999999994
67.60000000000002,-0.01414700000000002
67.79999999999995,-0.014608999999999983
68.0,-0.01483000000000001
68.20000000000005,-0.014242000000000032
68.39999999999998,-0.017857000000000012
68.60000000000002,-0.021886000000000017
68.79999999999995,-0.02384900000000001
69.0,-0.022816000000000003
69.20000000000005,-0.021674000000000027
69.39999999999998,-0.01727200000000001
69.60000000000002,-0.014637999999999984
69.79999999999995,-0.011830000000000007
70.0,-0.011386000000000007
70.20000000000005,-0.011080000000000034
70.39999999999998,-0.012369000000000019
70.60000000000002,-0.012570000000000026
70.79999999999995,-0.012892999999999988
71.0,-0.013076000000000032
71.20000000000005,-0.012985999999999998
71.39999999999998,-0.012338999999999989
71.60000000000002,-0.012549000000000032
71.79999999999995,-0.012275000000000036
72.0,-0.011912000000000034
72.20000000000005,-0.01330300000000001
72.39999999999998,-0.015483999999999998
72.60000000000002,-0.016844000000000026
72.79999999999995,-0.018021999999999982
73.0,-0.021309000000000022
73.20000000000005,-0.024641000000000024
73.39999999999998,-0.025124000000000035
73.60000000000002,-0.024110999999999994
73.79999999999995,-0.022848000000000035
74.0,-0.017627000000000004
74.20000000000005,-0.01274900000000001
74.39999999999998,-0.009238000000000024
74.60000000000002,-0.0071570000000000245
74.79999999999995,-0.00694800000000001
75.0,-0.00907800000000003
75.20000000000005,-0.009250000000000036
75.39999999999998,-0.010580000000000034
75.60000000000002,-0.011886000000000008
75.79999999999995,-0.013205999999999996
76.0,-0.01239499999999999
76.20000000000005,-0.013564999999999994
76.39999999999998,-0.014321000000000028
76.60000000000002,-0.017479000000000022
76.79999999999995,-0.01941599999999999
77.0,-0.02409300000000003
77.20000000000005,-0.02424900000000002
77.39999999999998,-0.023770000000000013
77.60000000000002,-0.02006800000000003
77.79999999999995,-0.015782000000000018
78.0,-0.009487000000000023
78.20000000000005,-0.009014000000000022
78.39999999999998,-0.008504999999999985
78.60000000000002,-0.011268
78.79999999999995,-0.015240000000000031
79.0,-0.018143999999999993
79.20000000000005,-0.017101000000000033
79.39999999999998,-0.015535000000000021
79.60000000000002,-0.013382000000000005
79.79999999999995,-0.014149000000000023
80.0,-0.015629000000000004
80.20000000000005,-0.019110000000000016
80.39999999999998,-0.023682000000000036
80.60000000000002,-0.02503700000000003
80.79999999999995,-0.020928000000000002
81.0,-0.019733
81.20000000000005,-0.017340000000000022
81.39999999999998,-0.015685000000000004
81.60000000000002,-0.014811000000000019
81.79999999999995,-0.016402000000000028
82.0,-0.018110999999999988
82.20000000000005,-0.020191999999999988
82.39999999999998,-0.02244400000000002
82.60000000000002,-0.023063
82.79999999999995,-0.023355999999999988
83.0,-0.021399
83.20000000000005,-0.021070000000000033
83.39999999999998,-0.019328000000000012
83.60000000000002,-0.019657000000000036
83.79999999999995,-0.020934000000000008
84.0,-0.023264000000000007
84.20000000000005,-0.023969000000000018
84.39999999999998,-0.024413000000000018
84.60000000000002,-0.024019999999999986
84.79999999999995,-0.023780000000000023
85.0,-0.022635000000000016
85.20000000000005,-0.020879000000000036
85.39999999999998,-0.017832999999999988
85.60000000000002,-0.016405000000000003
85.79999999999995,-0.01729400000000003
86.0,-0.017199999999999993
86.20000000000005,-0.017069
86.39999999999998,-0.01855000000000001
86.60000000000002,-0.01794499999999999
86.79999999999995,-0.012966000000000033
87.0,-0.011276000000000008
87.20000000000005,-0.01117499999999999
87.39999999999998,-0.013050000000000006
87.60000000000002,-0.015533999999999992
87.79999999999995,-0.017428
88.0,-0.01753300000000002
88.20000000000005,-0.016527000000000014
88.39999999999998,-0.014249999999999985
88.60000000000002,-0.013626000000000027
88.79999999999995,-0.013991000000000031
89.0,-0.015073000000000003
89.20000000000005,-0.016222000000000014
89.39999999999998,-0.01782800000000001
89.60000000000002,-0.019340000000000024
89.79999999999995,-0.021276000000000017
90.0,-0.02185300000000001
90.20000000000005,-0.02227699999999999
90.39999999999998,-0.021765000000000034
90.60000000000002,-0.02044800000000002
90.79999999999995,-0.017132000000000036
91.0,-0.015653000000000028
91.20000000000005,-0.015322000000000002
91.39999999999998,-0.014317000000000024
91.60000000000002,-0.013143000000000016
91.79999999999995,-0.014288999999999996
92.0,-0.014187000000000005
92.20000000000005,-0.012909000000000004
92.39999999999998,-0.013066999999999995
92.60000000000002,-0.012170000000000014
92.79999999999995,-0.012556000000000012
93.0,-0.015002999999999989
93.20000000000005,-0.017733
93.39999999999998,-0.01927000000000001
93.60000000000002,-0.021766000000000008
93.79999999999995,-0.02358100000000002
94.0,-0.023270000000000013
94.20000000000005,-0.022094000000000003
94.39999999999998,-0.022894000000000025
94.60000000000002,-0.023737000000000008
94.79999999999995,-0.022492000000000012
95.0,-0.020374000000000003
95.20000000000005,-0.019027000000000016
95.39999999999998,-0.01669599999999999
95.60000000000002,-0.014180000000000026
95.79999999999995,-0.015834000000000015
96.0,-0.018979999999999997
96.20000000000005,-0.022002999999999995
96.39999999999998,-0.022623000000000004
96.60000000000002,-0.02501700000000001
96.79999999999995,-0.02394099999999999
97.0,-0.02246999999999999
97.20000000000005,-0.020942000000000016
97.39999999999998,-0.021931000000000034
97.60000000000002,-0.021731
97.79999999999995,-0.021350000000000036
98.0,-0.021019999999999983
98.20000000000005,-0.021438999999999986
98.39999999999998,-0.019656000000000007
98.60000000000002,-0.017012000000000027
98.79999999999995,-0.015661000000000036
99.0,-0.015772000000000008
99.20000000000005,-0.016091000000000022
99.39999999999998,-0.017428
99.60000000000002,-0.020272000000000012
99.79999999999995,-0.02295400000000003
100.0,-0.02448800000000001
100.20000000000005,-0.025361000000000022
100.39999999999998,-0.02683800000000003
100.60000000000002,-0.027905000000000013
100.79999999999995,-0.027981000000000034
101.0,-0.026237999999999984
101.20000000000005,-0.023262000000000005
101.39999999999998,-0.022201000000000026
101.60000000000002,-0.01981900000000003
101.79999999999995,-0.019486000000000003
102.0,-0.01963300000000001
102.20000000000005,-0.02319500000000002
102.39999999999998,-0.022899000000000003
102.60000000000002,-0.022276000000000018
102.79999999999995,-0.020481000000000027
103.0,-0.021121
103.20000000000005,-0.02079000000000003
103.39999999999998,-0.02311200000000002
103.60000000000002,-0.025615
103.79999999999995,-0.029171000000000002
104.0,-0.029764999999999986
104.20000000000005,-0.029258000000000006
104.39999999999998,-0.026886999999999994
104.60000000000002,-0.025766999999999984
104.79999999999995,-0.02239000000000002
105.0,-0.01939099999999999
105.20000000000005,-0.017766000000000004
105.39999999999998,-0.018879000000000035
105.60000000000002,-0.020643999999999996
105.79999999999995,-0.022591000000000028
106.0,-0.02405299999999999
106.20000000000005,-0.023478
106.39999999999998,-0.02322000000000002
106.60000000000002,-0.021118000000000026
106.79999999999995,-0.02038699999999999
107.0,-0.02115100000000003
107.20000000000005,-0.022689999999999988
107.39999999999998,-0.022813000000000028
107.60000000000002,-0.02323900000000001
107.79999999999995,-0.021384000000000014
108.0,-0.020343
108.20000000000005,-0.020506999999999997
108.39999999999998,-0.022297999999999984
108.60000000000002,-0.024307000000000023
108.79999999999995,-0.028299999999999992
109.0,-0.030942000000000025
109.20000000000005,-0.03191700000000003
109.39999999999998,-0.029820999999999986
109.60000000000002,-0.027110999999999996
109.79999999999995,-0.02510800000000002
110.0,-0.023902000000000034
110.20000000000005,-0.02466099999999999
110.39999999999998,-0.027837
110.60000000000002,-0.03074100000000002
110.79999999999995,-0.030600000000000016
111.0,-0.029778000000000027
111.20000000000005,-0.025756
111.39999999999998,-0.020662000000000014
111.60000000000002,-0.018990000000000007
111.79999999999995,-0.017407000000000006
112.0,-0.017064999999999997
112.20000000000005,-0.018988000000000005
112.39999999999998,-0.021888999999999992
112.60000000000002,-0.02183099999999999
112.79999999999995,-0.023681000000000008
113.0,-0.024871000000000032
113.20000000000005,-0.026505
113.39999999999998,-0.028127000000000013
113.60000000000002,-0.028212000000000015
113.79999999999995,-0.026473000000000024
114.0,-0.023469000000000018
114.20000000000005,-0.02007500000000001
114.39999999999998,-0.01524700000000001
114.60000000000002,-0.014639000000000013
114.79999999999995,-0.016139999999999988
115.0,-0.018268000000000006
115.20000000000005,-0.01994600000000002
115.39999999999998,-0.021521000000000012
115.60000000000002,-0.021687000000000012
115.79999999999995,-0.021745000000000014
116.0,-0.021992999999999985
116.20000000000005,-0.02313700000000002
116.39999999999998,-0.024303999999999992
116.60000000000002,-0.025875000000000037
116.79999999999995,-0.027483000000000035
117.0,-0.028747000000000023
117.20000000000005,-0.028405999999999987
117.39999999999998,-0.027651000000000037
117.60000000000002,-0.027135999999999993
117.79999999999995,-0.02822800000000003
118.0,-0.02750600000000003
118.20000000000005,-0.02906000000000003
118.39999999999998,-0.031212000000000018
118.60000000000002,-0.032136
118.79999999999995,-0.030011999999999983
119.0,-0.029791999999999985
119.20000000000005,-0.028444000000000025
119.39999999999998,-0.027620000000000033
119.60000000000002,-0.027532
119.79999999999995,-0.02825500000000003
120.0,-0.029125000000000012
120.20000000000005,-0.030216999999999994
120.39999999999998,-0.03153
120.60000000000002,-0.032171000000000005
120.79999999999995,-0.031803000000000026
121.0,-0.03118599999999999
121.20000000000005,-0.030642000000000003
121.39999999999998,-0.027747999999999995
121.60000000000002,-0.02433099999999999
121.79999999999995,-0.02427600000000002
122.0,-0.025540000000000007
122.20000000000005,-0.02633000000000002
122.39999999999998,-0.02652300000000002
122.60000000000002,-0.029708999999999985
122.79999999999995,-0.030972
123.0,-0.03168599999999999
123.20000000000005,-0.032728000000000035
123.39999999999998,-0.033163
123.60000000000002,-0.03060299999999999
123.79999999999995,-0.02739400000000003
124.0,-0.024736000000000036
124.20000000000005,-0.021897
124.39999999999998,-0.024270000000000014
124.60000000000002,-0.02640999999999999
124.79999999999995,-0.027956000000000036
125.0,-0.028840000000000032
125.20000000000005,-0.03073100000000001
125.39999999999998,-0.028398000000000034
125.60000000000002,-0.02783800000000003
125.79999999999995,-0.028195000000000026
126.0,-0.028869000000000034
126.20000000000005,-0.028104000000000018
126.39999999999998,-0.02986500000000003
126.60000000000002,-0.029934000000000016
126.79999999999995,-0.030864000000000003
127.0,-0.03077000000000002
127.20000000000005,-0.027961999999999987
127.39999999999998,-0.025061
127.60000000000002,-0.022368
127.79999999999995,-0.02017800000000003
128.0,-0.018064999999999998
128.20000000000005,-0.01818200000000003
128.39999999999998,-0.017193999999999987
128.60000000000002,-0.016019000000000005
128.79999999999995,-0.016928
129.0,-0.018666000000000016
129.20000000000005,-0.018884999999999985
129.39999999999998,-0.019704
129.60000000000002,-0.020365000000000022
129.79999999999995,-0.020321000000000033
130.0,-0.02022400000000002
130.20000000000005,-0.02276800000000001
130.39999999999998,-0.024890000000000023
130.60000000000002,-0.026600999999999986
130.79999999999995,-0.026729000000000003
131.0,-0.027579999999999993
131.20000000000005,-0.028557
131.39999999999998,-0.028787000000000007
131.60000000000002,-0.02974300000000002
131.79999999999995,-0.029658000000000018
132.0,-0.029081000000000023
132.20000000000005,-0.027646000000000004
132.39999999999998,-0.02700600000000003
132.60000000000002,-0.02736700000000003
132.79999999999995,-0.02690999999999999
133.0,-0.026249999999999996
133.20000000000005,-0.02385100000000001
133.39999999999998,-0.022075999999999985
133.60000000000002,-0.01970700000000003
133.79999999999995,-0.01911400000000002
134.0,-0.020114999999999994
134.20000000000005,-0.022734000000000032
134.39999999999998,-0.02523900000000001
134.60000000000002,-0.027866000000000002
134.79999999999995,-0.029945
135.0,-0.03191900000000003
135.20000000000005,-0.03391700000000003
135.39999999999998,-0.03633900000000001
135.60000000000002,-0.040785000000000016
135.79999999999995,-0.04265600000000003
136.0,-0.04162500000000002
136.20000000000005,-0.041000000000000036
136.39999999999998,-0.04236400000000001
136.60000000000002,-0.04009600000000002
136.79999999999995,-0.038968
137.0,-0.03799400000000003
137.20000000000005,-0.036407999999999996
137.39999999999998,-0.03282499999999999
137.60000000000002,-0.03290599999999999
137.79999999999995,-0.03373300000000001
138.0,-0.03394900000000001
138.20000000000005,-0.03232499999999999
138.39999999999998,-0.029426000000000008
138.60000000000002,-0.025386999999999993
138.79999999999995,-0.021054000000000017
139.0,-0.019598000000000004
139.20000000000005,-0.020388000000000017
139.39999999999998,-0.02272099999999999
139.60000000000002,-0.02524700000000002
139.79999999999995,-0.027621000000000007
140.0,-0.027397000000000005
140.20000000000005,-0.025834000000000024
140.39999999999998,-0.024460000000000037
140.60000000000002,-0.02389600000000003
140.79999999999995,-0.02546799999999999
141.0,-0.027289000000000008
141.20000000000005,-0.02801999999999999
141.39999999999998,-0.028849999999999987
141.60000000000002,-0.02941100000000002
141.79999999999995,-0.029256000000000004
142.0,-0.027749999999999997
142.20000000000005,-0.026158999999999988
142.39999999999998,-0.02451500000000001
142.60000000000002,-0.023606000000000016
142.79999999999995,-0.021293000000000006
143.0,-0.021180000000000032
143.20000000000005,-0.024682000000000037
143.39999999999998,-0.02665400000000001
143.60000000000002,-0.026139000000000023
143.79999999999995,-0.025963000000000014
144.0,-0.027722000000000024
144.20000000000005,-0.027985000000000038
144.39999999999998,-0.028507000000000005
144.60000000000002,-0.029037000000000035
144.79999999999995,-0.031754000000000004
145.0,-0.03271400000000002
145.20000000000005,-0.032874000000000014
145.39999999999998,-0.03187200000000001
145.60000000000002,-0.030169
145.79999999999995,-0.02864
146.0,-0.028649000000000036
146.20000000000005,-0.029675000000000007
146.39999999999998,-0.03248100000000004
146.60000000000002,-0.03514600000000001
146.79999999999995,-0.03678100000000001
147.0,-0.03479399999999999
147.20000000000005,-0.03397300000000003
147.39999999999998,-0.033526
147.60000000000002,-0.035038000000000014
147.79999999999995,-0.03686500000000004
148.0,-0.03934700000000002
148.20000000000005,-0.04159499999999999
148.39999999999998,-0.03895199999999999
148.60000000000002,-0.036517999999999995
148.79999999999995,-0.034255000000000035
149.0,-0.03450799999999998
149.20000000000005,-0.03282600000000002
149.39999999999998,-0.03477400000000003
149.60000000000002,-0.03400700000000001
149.79999999999995,-0.030930000000000013
150.0,-0.026586
150.20000000000005,-0.022151000000000032
150.39999999999998,-0.01981700000000003
150.60000000000002,-0.019657000000000036
150.79999999999995,-0.021154000000000006
151.0,-0.022361999999999993
151.20000000000005,-0.02621000000000001
151.39999999999998,-0.03005800000000003
151.60000000000002,-0.031828999999999996
151.79999999999995,-0.03018599999999999
152.0,-0.029525999999999997
152.20000000000005,-0.028346000000000038
152.39999999999998,-0.02684700000000001
152.60000000000002,-0.02596900000000002
152.79999999999995,-0.030162999999999995
153.0,-0.032169
153.20000000000005,-0.03258700000000003
153.39999999999998,-0.030639000000000027
153.60000000000002,-0.030785000000000007
153.79999999999995,-0.028613
154.0,-0.02882499999999999
154.20000000000005,-0.02941900000000003
154.39999999999998,-0.030735999999999986
154.60000000000002,-0.03072600000000003
154.79999999999995,-0.032048999999999994
155.0,-0.03248800000000002
155.20000000000005,-0.031223
155.39999999999998,-0.02909600000000001
155.60000000000002,-0.026343000000000005
155.79999999999995,-0.025073000000000012
156.0,-0.024409999999999987
156.20000000000005,-0.025345000000000006
156.39999999999998,-0.02696700000000002
156.60000000000002,-0.029722000000000026
156.79999999999995,-0.031082
157.0,-0.030359000000000025
157.20000000000005,-0.028978000000000004
157.39999999999998,-0.02823500000000001
157.60000000000002,-0.02751500000000001
157.79999999999995,-0.026718999999999993
158.0,-0.027127000000000012
158.20000000000005,-0.029037000000000035
158.39999999999998,-0.03017700000000001
158.60000000000002,-0.029945
158.79999999999995,-0.02910400000000002
159.0,-0.028380000000000016
159.20000000000005,-0.027998999999999996
159.39999999999998,-0.02982800000000002
159.60000000000002,-0.03373999999999999
159.79999999999995,-0.03721600000000003
160.0,-0.041053000000000006
160.20000000000005,-0.04217599999999999
160.39999999999998,-0.04169200000000001
160.60000000000002,-0.039417000000000035
160.79999999999995,-0.03824900000000003
161.0,-0.03664899999999999
161.20000000000005,-0.03479300000000002
161.39999999999998,-0.033165
161.60000000000002,-0.030112000000000028
161.79999999999995,-0.02680100000000002
162.0,-0.02577600000000002
162.20000000000005,-0.025845000000000007
162.39999999999998,-0.02674700000000002
162.60000000000002,-0.030129000000000017
162.79999999999995,-0.03445199999999998
163.0,-0.035629999999999995
163.20000000000005,-0.037742
163.39999999999998,-0.03831000000000001
163.60000000000002,-0.038671999999999984
163.79999999999995,-0.03763300000000003
164.0,-0.037841000000000014
164.20000000000005,-0.03954800000000003
164.39999999999998,-0.040522
164.60000000000002,-0.042137000000000036
164.79999999999995,-0.04130699999999998
165.0,-0.039461000000000024
165.20000000000005,-0.03420400000000001
165.39999999999998,-0.031654000000000015
165.60000000000002,-0.030245000000000022
165.79999999999995,-0.030546000000000018
166.0,-0.03240700000000002
166.20000000000005,-0.034755000000000036
166.39999999999998,-0.03434799999999999
166.60000000000002,-0.031313000000000035
166.79999999999995,-0.031172000000000033
167.0,-0.02890100000000001
167.20000000000005,-0.027480000000000004
167.39999999999998,-0.028339000000000003
167.60000000000002,-0.03018399999999999
167.79999999999995,-0.03036300000000003
168.0,-0.030745999999999996
168.20000000000005,-0.03030900000000003
168.39999999999998,-0.029625000000000012
168.60000000000002,-0.02951100000000001
168.79999999999995,-0.027498000000000022
169.0,-0.026861000000000024
169.20000000000005,-0.02930900000000003
169.39999999999998,-0.03166800000000003
169.60000000000002,-0.031903000000000015
169.79999999999995,-0.032468
170.0,-0.033347000000000016
170.20000000000005,-0.03526800000000002
170.39999999999998,-0.03422999999999998
170.60000000000002,-0.03357199999999999
170.79999999999995,-0.032135000000000025
171.0,-0.031038999999999983
171.20000000000005,-0.027152999999999983
171.39999999999998,-0.026560000000000028
171.60000000000002,-0.02558100000000002
171.79999999999995,-0.026814000000000004
172.0,-0.02810299999999999
172.20000000000005,-0.02851999999999999
172.39999999999998,-0.028231000000000006
172.60000000000002,-0.030202000000000007
172.79999999999995,-0.03037899999999999
172.9999999999999,-0.03207600000000005
173.19999999999993,-0.031430000000000013
173.39999999999998,-0.03317399999999998
173.5999999999999,-0.032424000000000064
173.79999999999995,-0.029673000000000005
173.9999999999999,-0.027598999999999985
174.19999999999993,-0.028740000000000043
174.39999999999998,-0.02942400000000006
174.5999999999999,-0.030241000000000018
174.79999999999995,-0.03232499999999999
174.9999999999999,-0.034192000000000056
175.19999999999993,-0.03441900000000003
175.39999999999998,-0.032430000000000014
175.5999999999999,-0.03270599999999996
175.79999999999995,-0.033269999999999966
175.9999999999999,-0.03555199999999997
176.19999999999993,-0.035377999999999965
176.39999999999998,-0.03675500000000004
176.5999999999999,-0.037590999999999986
176.79999999999995,-0.03844799999999998
176.9999999999999,-0.03662199999999999
177.19999999999993,-0.03664300000000004
177.39999999999998,-0.03869000000000006
177.5999999999999,-0.03882900000000006
177.79999999999995,-0.038715
177.9999999999999,-0.03884700000000002
178.19999999999993,-0.040037000000000045
178.39999999999998,-0.039573000000000025
178.5999999999999,-0.03923400000000005
178.79999999999995,-0.03781200000000001
178.9999999999999,-0.03609000000000001
179.19999999999993,-0.033026000000000055
179.39999999999998,-0.029776999999999998
179.5999999999999,-0.025718999999999992
179.79999999999995,-0.024604000000000015
179.9999999999999,-0.02563500000000002
180.19999999999993,-0.027830999999999995
180.39999999999998,-0.030636000000000052
180.5999999999999,-0.035704000000000014
180.79999999999995,-0.03799999999999998
180.9999999999999,-0.03792400000000001
181.19999999999993,-0.03774499999999997
181.39999999999998,-0.03755999999999998
181.5999999999999,-0.03774700000000003
181.79999999999995,-0.04056900000000002
181.9999999999999,-0.04192100000000004
182.19999999999993,-0.04074700000000003
182.39999999999998,-0.038373000000000046
182.5999999999999,-0.036522
182.79999999999995,-0.03143400000000002
182.9999999999999,-0.029075000000000017
183.19999999999993,-0.02972999999999998
183.39999999999998,-0.030852000000000046
183.5999999999999,-0.031330000000000024
183.79999999999995,-0.03285600000000005
183.9999999999999,-0.034743000000000024
184.19999999999993,-0.035225000000000006
184.39999999999998,-0.036783000000000066
184.5999999999999,-0.036258999999999986
184.79999999999995,-0.03719900000000004
184.9999999999999,-0.03586700000000004
185.19999999999993,-0.03577100000000005
185.39999999999998,-0.034777
185.5999999999999,-0.035439000000000054
185.79999999999995,-0.03342200000000001
185.9999999999999,-0.035019999999999996
186.19999999999993,-0.036916000000000004
186.39999999999998,-0.04035800000000006
186.5999999999999,-0.04049300000000006
186.79999999999995,-0.04131800000000002
186.9999999999999,-0.042688000000000004
187.19999999999993,-0.045118999999999965
187.39999999999998,-0.046053999999999984
187.5999999999999,-0.049267000000000005
187.79999999999995,-0.05321400000000004
187.9999999999999,-0.051878000000000035
188.19999999999993,-0.04742200000000002
188.39999999999998,-0.04567199999999999
188.5999999999999,-0.044464000000000004
188.79999999999995,-0.04265599999999997
188.9999999999999,-0.04145300000000002
189.19999999999993,-0.042029999999999956
189.39999999999998,-0.039783999999999986
189.5999999999999,-0.03678200000000004
189.79999999999995,-0.034921000000000035
189.9999999999999,-0.03509599999999996
190.19999999999993,-0.036465000000000025
190.39999999999998,-0.038080999999999976
190.5999999999999,-0.04209599999999997
190.79999999999995,-0.043171000000000015
190.9999999999999,-0.04548800000000003
191.19999999999993,-0.045469999999999955
191.39999999999998,-0.04503499999999999
191.5999999999999,-0.04231500000000005
191.79999999999995,-0.04391600000000001
191.9999999999999,-0.044470000000000065
192.19999999999993,-0.04494899999999996
192.39999999999998,-0.04547499999999999
192.5999999999999,-0.04727799999999999
192.79999999999995,-0.046469999999999956
192.9999999999999,-0.04529600000000006
193.19999999999993,-0.04484199999999999
193.39999999999998,-0.04624299999999998
193.5999999999999,-0.04559099999999999
193.79999999999995,-0.04401099999999997
193.9999999999999,-0.04343500000000006
194.19999999999993,-0.04408300000000004
194.39999999999998,-0.04335400000000006
194.5999999999999,-0.04253800000000002
194.79999999999995,-0.04310799999999998
194.9999999999999,-0.042711
195.19999999999993,-0.04175400000000001
195.39999999999998,-0.040667000000000064
195.5999999999999,-0.039293999999999996
195.79999999999995,-0.037802999999999976
195.9999999999999,-0.037922999999999984
196.19999999999993,-0.03790500000000002
196.39999999999998,-0.03975400000000001
196.5999999999999,-0.042607000000000006
196.79999999999995,-0.04649500000000001
196.9999999999999,-0.048404999999999976
197.19999999999993,-0.05035600000000001
197.39999999999998,-0.05023700000000003
197.5999999999999,-0.04964300000000005
197.79999999999995,-0.04795100000000002
197.9999999999999,-0.045829000000000064
198.19999999999993,-0.043801000000000034
198.39999999999998,-0.04378200000000004
198.5999999999999,-0.04367199999999999
198.79999999999995,-0.04503499999999999
198.9999999999999,-0.046626
199.19999999999993,-0.046901000000000026
199.39999999999998,-0.04579899999999998
199.5999999999999,-0.04507800000000001
199.79999999999995,-0.04275000000000001
199.9999999999999,-0.040937999999999974
200.19999999999993,-0.04103300000000004
200.39999999999998,-0.040057000000000065
200.5999999999999,-0.038809999999999956
200.79999999999995,-0.03634299999999996
200.9999999999999,-0.03715600000000002
201.19999999999993,-0.03938900000000006
201.39999999999998,-0.042845999999999995
201.5999999999999,-0.04347700000000004
201.79999999999995,-0.045808000000000015
201.9999999999999,-0.04556500000000002
202.19999999999993,-0.043662000000000034
202.39999999999998,-0.04186200000000001
202.5999999999999,-0.04444600000000004
202.79999999999995,-0.04578399999999999
202.9999999999999,-0.04636800000000002
203.19999999999993,-0.04592299999999999
203.39999999999998,-0.04602200000000006
203.5999999999999,-0.045177999999999996
203.79999999999995,-0.04586499999999999
203.9999999999999,-0.047456
204.19999999999993,-0.04816599999999999
204.39999999999998,-0.04868
204.5999999999999,-0.048518000000000006
204.79999999999995,-0.046765
204.9999999999999,-0.04413700000000004
205.19999999999993,-0.042235999999999996
205.39999999999998,-0.04053599999999996
205.5999999999999,-0.039473000000000036
205.79999999999995,-0.040971000000000035
205.9999999999999,-0.04320700000000005
206.19999999999993,-0.04650700000000002
206.39999999999998,-0.04687000000000002
206.5999999999999,-0.04613600000000001
206.79999999999995,-0.04425899999999999
206.9999999999999,-0.043999999999999984
207.19999999999993,-0.043352
207.39999999999998,-0.041747000000000034
207.5999999999999,-0.04169000000000006
207.79999999999995,-0.04175500000000004
207.9999999999999,-0.04039100000000001
208.19999999999993,-0.03775999999999996
208.39999999999998,-0.039287000000000016
208.5999999999999,-0.03940499999999997
208.79999999999995,-0.04072300000000001
208.9999999999999,-0.04088600000000003
209.19999999999993,-0.044470000000000065
209.39999999999998,-0.04528199999999999
209.5999999999999,-0.048412999999999984
209.79999999999995,-0.04840800000000006
209.9999999999999,-0.05095299999999997
210.19999999999993,-0.05134299999999997
210.39999999999998,-0.05173500000000003
210.5999999999999,-0.05120700000000006
210.79999999999995,-0.05188600000000004
210.9999999999999,-0.04984800000000006
211.19999999999993,-0.04841400000000001
211.39999999999998,-0.04874899999999999
211.5999999999999,-0.04808899999999999
211.79999999999995,-0.04622900000000002
211.9999999999999,-0.04612100000000002
212.19999999999993,-0.04497900000000005
212.39999999999998,-0.04394400000000004
212.5999999999999,-0.04582000000000003
212.79999999999995,-0.048358999999999985
212.9999999999999,-0.05173299999999997
213.19999999999993,-0.053070000000000006
213.39999999999998,-0.05275000000000002
213.5999999999999,-0.047636999999999985
213.79999999999995,-0.04391799999999996
213.9999999999999,-0.04015399999999997
214.19999999999993,-0.038003000000000065
214.39999999999998,-0.035955000000000015
214.5999999999999,-0.03821100000000005
214.79999999999995,-0.039320999999999995
214.9999999999999,-0.040520000000000056
215.19999999999993,-0.04192599999999996
215.39999999999998,-0.043636000000000064
215.5999999999999,-0.043939000000000006
215.79999999999995,-0.04546600000000006
215.9999999999999,-0.045370999999999995
216.19999999999993,-0.046318000000000026
216.39999999999998,-0.05033899999999997
216.5999999999999,-0.05375900000000006
216.79999999999995,-0.05623499999999998
216.9999999999999,-0.058277999999999996
217.19999999999993,-0.058865
217.39999999999998,-0.055564
217.5999999999999,-0.05220700000000006
217.79999999999995,-0.04990699999999998
217.9999999999999,-0.048782999999999965
218.19999999999993,-0.048877000000000004
218.39999999999998,-0.05089499999999997
218.5999999999999,-0.05241100000000004
218.79999999999995,-0.05075999999999997
218.9999999999999,-0.04794499999999996
219.19999999999993,-0.04466600000000004
219.39999999999998,-0.041913000000000034
219.5999999999999,-0.04113300000000003
219.79999999999995,-0.042501999999999984
219.9999999999999,-0.045092999999999994
220.19999999999993,-0.04811800000000005
220.39999999999998,-0.051929999999999976
220.5999999999999,-0.05430099999999999
220.79999999999995,-0.05647799999999997
220.9999999999999,-0.05634800000000001
221.19999999999993,-0.055132000000000014
221.39999999999998,-0.05266799999999999
221.5999999999999,-0.050659000000000065
221.79999999999995,-0.04909199999999997
221.9999999999999,-0.050751999999999964
222.19999999999993,-0.05071399999999998
222.39999999999998,-0.049102000000000035
222.5999999999999,-0.047060999999999964
222.79999999999995,-0.04673100000000002
222.9999999999999,-0.045450000000000046
223.19999999999993,-0.045688000000000006
223.39999999999998,-0.046377999999999975
223.5999999999999,-0.04606199999999999
223.79999999999995,-0.044720999999999955
223.9999999999999,-0.044522000000000006
224.19999999999993,-0.04438599999999998
224.39999999999998,-0.046987999999999974
224.5999999999999,-0.05107100000000003
224.79999999999995,-0.05395500000000003
224.9999999999999,-0.05485900000000005
225.19999999999993,-0.056244000000000016
225.39999999999998,-0.05494099999999996
225.5999999999999,-0.053628000000000065
225.79999999999995,-0.053035
225.9999999999999,-0.05240700000000004
226.19999999999993,-0.05077700000000002
226.39999999999998,-0.050626000000000004
226.5999999999999,-0.050481000000000054
226.79999999999995,-0.05093799999999998
226.9999999999999,-0.049007999999999996
227.19999999999993,-0.04748800000000003
227.39999999999998,-0.04390500000000003
227.5999999999999,-0.04108200000000001
227.79999999999995,-0.036516999999999966
227.9999999999999,-0.03529600000000005
228.19999999999993,-0.03430099999999997
228.39999999999998,-0.03727200000000003
228.5999999999999,-0.04108000000000006
228.79999999999995,-0.04521000000000003
228.9999999999999,-0.04492500000000005
229.19999999999993,-0.046551000000000065
229.39999999999998,-0.047060000000000046
229.5999999999999,-0.04733999999999999
229.79999999999995,-0.04718800000000006
229.9999999999999,-0.05251100000000003
230.19999999999993,-0.05607500000000004
230.39999999999998,-0.05963299999999999
230.5999999999999,-0.06062099999999998
230.79999999999995,-0.061668
230.9999999999999,-0.06012599999999996
231.19999999999993,-0.05813799999999997
231.39999999999998,-0.05657200000000001
231.5999999999999,-0.054350000000000065
231.79999999999995,-0.053705999999999976
231.9999999999999,-0.05304899999999996
232.19999999999993,-0.05253800000000003
232.39999999999998,-0.050758000000000025
232.5999999999999,-0.05051800000000001
232.79999999999995,-0.05070199999999997
232.9999999999999,-0.05146400000000001
233.19999999999993,-0.05219500000000005
233.39999999999998,-0.050268000000000035
233.5999999999999,-0.04879300000000003
233.79999999999995,-0.04622900000000002
233.9999999999999,-0.045350999999999975
234.19999999999993,-0.046450999999999965
234.39999999999998,-0.051778000000000046
234.5999999999999,-0.05511400000000005
234.79999999999995,-0.05935399999999996
234.9999999999999,-0.06090100000000004
235.19999999999993,-0.06067000000000006
235.39999999999998,-0.05838599999999999
235.5999999999999,-0.05912500000000004
235.79999999999995,-0.06087400000000004
235.9999999999999,-0.061955999999999956
236.19999999999993,-0.06159500000000001
236.39999999999998,-0.060172999999999977
236.5999999999999,-0.05738599999999999
236.79999999999995,-0.05190100000000003
236.9999999999999,-0.04918600000000001
237.19999999999993,-0.047868999999999995
237.39999999999998,-0.04733599999999999
237.5999999999999,-0.045429
237.79999999999995,-0.04600600000000005
237.9999999999999,-0.045682999999999974
238.19999999999993,-0.047087000000000045
238.39999999999998,-0.04974099999999998
238.5999999999999,-0.05359700000000006
238.79999999999995,-0.055767999999999984
238.9999999999999,-0.05626899999999996
239.19999999999993,-0.05638499999999996
239.39999999999998,-0.053693999999999964
239.5999999999999,-0.051998000000000044
239.79999999999995,-0.04808600000000002
239.9999999999999,-0.04582400000000003
240.19999999999993,-0.042944999999999955
240.39999999999998,-0.04298099999999999
240.5999999999999,-0.04376200000000002
240.79999999999995,-0.046860999999999986
240.9999999999999,-0.047870000000000024
241.19999999999993,-0.04784099999999997
241.39999999999998,-0.04764700000000005
241.5999999999999,-0.047138999999999986
241.79999999999995,-0.048260000000000025
241.9999999999999,-0.05136000000000002
242.19999999999993,-0.055323999999999984
242.39999999999998,-0.05771900000000002
242.5999999999999,-0.059875999999999985
242.79999999999995,-0.05812200000000006
242.9999999999999,-0.05548500000000006
243.19999999999993,-0.05189899999999997
243.39999999999998,-0.05177000000000004
243.5999999999999,-0.049626
243.79999999999995,-0.05014599999999997
243.9999999999999,-0.05140300000000003
244.19999999999993,-0.05214100000000005
244.39999999999998,-0.049712000000000034
244.5999999999999,-0.04923700000000003
244.79999999999995,-0.048371
244.9999999999999,-0.047709999999999975
245.19999999999993,-0.04906400000000005
245.39999999999998,-0.05106700000000003
245.5999999999999,-0.053622
245.79999999999995,-0.054283000000000026
245.9999999999999,-0.05479700000000004
246.19999999999993,-0.055031
246.39999999999998,-0.055569000000000035
246.5999999999999,-0.05449100000000001
246.79999999999995,-0.05518000000000006
246.9999999999999,-0.05596799999999996
247.19999999999993,-0.05555899999999997
247.39999999999998,-0.05371500000000001
247.5999999999999,-0.05257700000000004
247.79999999999995,-0.05306800000000006
247.9999999999999,-0.05437300000000006
248.19999999999993,-0.05621899999999996
248.39999999999998,-0.05832399999999999
248.5999999999999,-0.05972700000000003
248.79999999999995,-0.058681999999999956
248.9999999999999,-0.05883200000000005
249.19999999999993,-0.05856
249.39999999999998,-0.058309
249.5999999999999,-0.055198000000000025
249.79999999999995,-0.052532999999999996
249.9999999999999,-0.04795699999999997
250.19999999999993,-0.04477199999999998
250.39999999999998,-0.04372899999999996
250.5999999999999,-0.045711
250.79999999999995,-0.049149000000000054
250.9999999999999,-0.05155099999999996
251.19999999999993,-0.05272800000000005
251.39999999999998,-0.05353800000000003
251.5999999999999,-0.054223999999999994
251.79999999999995,-0.05244299999999996
251.9999999999999,-0.049205
252.19999999999993,-0.04909900000000006
252.39999999999998,-0.049129000000000034
252.5999999999999,-0.05150499999999997
252.79999999999995,-0.05522299999999997
252.9999999999999,-0.059585000000000055
253.19999999999993,-0.05997900000000006
253.39999999999998,-0.059897000000000034
253.5999999999999,-0.057072999999999985
253.79999999999995,-0.05351200000000006
253.9999999999999,-0.05094000000000004
254.19999999999993,-0.052215999999999985
254.39999999999998,-0.05307299999999998
254.5999999999999,-0.05354900000000001
254.79999999999995,-0.05452499999999999
254.9999999999999,-0.055847000000000036
255.19999999999993,-0.05441100000000004
255.39999999999998,-0.052927
255.5999999999999,-0.05356299999999997
255.79999999999995,-0.05489499999999997
255.9999999999999,-0.05526300000000001
256.19999999999993,-0.05530700000000005
256.4,-0.054056999999999966
256.5999999999999,-0.05287100000000006
256.79999999999995,-0.052786000000000055
256.9999999999999,-0.05517500000000003
257.19999999999993,-0.059762999999999955
257.4,-0.06486000000000003
257.5999999999999,-0.06689300000000004
257.79999999999995,-0.06720199999999998
257.9999999999999,-0.06640299999999999
258.19999999999993,-0.06548300000000001
258.4,-0.06379400000000002
258.5999999999999,-0.06184899999999999
258.79999999999995,-0.06066299999999997
258.9999999999999,-0.05975800000000003
259.19999999999993,-0.05670700000000001
259.4,-0.05343100000000006
259.5999999999999,-0.05261500000000002
259.79999999999995,-0.052452
259.9999999999999,-0.052585999999999966
260.19999999999993,-0.053676
260.4,-0.055530000000000024
260.5999999999999,-0.058152999999999955
260.79999999999995,-0.057755999999999974
260.9999999999999,-0.05693100000000001
261.19999999999993,-0.05682499999999996
261.4,-0.058392000000000055
261.5999999999999,-0.05950300000000003
261.79999999999995,-0.063494
261.9999999999999,-0.06486600000000003
262.19999999999993,-0.065245
262.4,-0.062110000000000054
262.5999999999999,-0.05890599999999996
262.79999999999995,-0.056960999999999984
262.9999999999999,-0.05759399999999998
263.19999999999993,-0.05757200000000001
263.4,-0.058345000000000036
263.5999999999999,-0.05895
263.79999999999995,-0.057450999999999974
263.9999999999999,-0.05677400000000005
264.19999999999993,-0.05462400000000006
264.4,-0.054528999999999994
264.5999999999999,-0.05354399999999998
264.79999999999995,-0.053103999999999985
264.9999999999999,-0.05204599999999998
265.19999999999993,-0.053315999999999975
265.4,-0.05370199999999997
265.5999999999999,-0.05502199999999996
265.79999999999995,-0.05665800000000004
265.9999999999999,-0.05845000000000006
266.19999999999993,-0.05946699999999999
266.4,-0.05977499999999997
266.5999999999999,-0.05977800000000005
266.79999999999995,-0.05695699999999998
266.9999999999999,-0.054495000000000016
267.19999999999993,-0.05448999999999998
267.4,-0.05712100000000003
267.5999999999999,-0.05868000000000001
267.79999999999995,-0.06090500000000004
267.9999999999999,-0.062466999999999995
268.19999999999993,-0.06380200000000003
268.4,-0.06296300000000005
268.5999999999999,-0.06257200000000002
268.79999999999995,-0.06388900000000003
268.9999999999999,-0.06484100000000004
269.19999999999993,-0.06344
269.4,-0.061717999999999995
269.5999999999999,-0.06093900000000002
269.79999999999995,-0.05948800000000004
269.9999999999999,-0.05719999999999997
270.19999999999993,-0.05724000000000001
270.4,-0.05897000000000002
270.5999999999999,-0.06034500000000004
270.79999999999995,-0.059657000000000016
270.9999999999999,-0.059811
271.19999999999993,-0.058708999999999956
271.4,-0.055781000000000025
271.5999999999999,-0.05201400000000006
271.79999999999995,-0.05152899999999999
271.9999999999999,-0.051452
272.19999999999993,-0.051070000000000004
272.4,-0.05395100000000003
272.5999999999999,-0.057807
272.79999999999995,-0.06102800000000003
272.9999999999999,-0.06309500000000001
273.19999999999993,-0.063689
273.4,-0.06288900000000003
273.5999999999999,-0.06140499999999999
273.79999999999995,-0.059940999999999967
273.9999999999999,-0.05818099999999998
274.19999999999993,-0.05836800000000003
274.4,-0.060089000000000004
274.5999999999999,-0.061736999999999986
274.79999999999995,-0.060251
274.9999999999999,-0.05818499999999999
275.19999999999993,-0.05770000000000003
275.4,-0.05457899999999999
275.5999999999999,-0.051952000000000054
275.79999999999995,-0.052588000000000024
275.9999999999999,-0.054581999999999964
276.19999999999993,-0.053537
276.4,-0.05341400000000002
276.5999999999999,-0.05367700000000003
276.79999999999995,-0.054634000000000016
276.9999999999999,-0.056530000000000025
277.19999999999993,-0.05978500000000003
277.4,-0.06381500000000001
277.5999999999999,-0.06663400000000003
277.79999999999995,-0.065805
277.9999999999999,-0.062412999999999996
278.19999999999993,-0.05885999999999997
278.4,-0.05502800000000002
278.5999999999999,-0.051241000000000037
278.79999999999995,-0.049994999999999956
278.9999999999999,-0.05118600000000001
279.19999999999993,-0.05446100000000004
279.4,-0.05579000000000006
279.5999999999999,-0.054694999999999994
279.79999999999995,-0.05353199999999997
279.9999999999999,-0.05389000000000005
280.19999999999993,-0.05029900000000004
280.4,-0.046889000000000014
280.5999999999999,-0.04897900000000005
280.79999999999995,-0.05314000000000002
280.9999999999999,-0.05469099999999999
281.19999999999993,-0.05777700000000002
281.4,-0.061963999999999964
281.5999999999999,-0.06332900000000002
281.79999999999995,-0.06327300000000002
281.9999999999999,-0.06307100000000004
282.19999999999993,-0.06266100000000002
282.4,-0.06141000000000002
282.5999999999999,-0.060511999999999955
282.79999999999995,-0.05971900000000002
282.9999999999999,-0.05868900000000005
283.19999999999993,-0.05917500000000003
283.4,-0.05965499999999996
283.5999999999999,-0.060668
283.79999999999995,-0.05996399999999996
283.9999999999999,-0.06094499999999997
284.19999999999993,-0.06282400000000005
284.4,-0.06520599999999999
284.5999999999999,-0.06623499999999999
284.79999999999995,-0.06620900000000002
284.9999999999999,-0.06799700000000003
285.19999999999993,-0.06586999999999998
285.4,-0.06285400000000002
285.5999999999999,-0.05941400000000002
285.79999999999995,-0.05946599999999996
285.9999999999999,-0.05790599999999996
286.19999999999993,-0.059596999999999956
286.4,-0.06214999999999998
286.5999999999999,-0.06421300000000002
286.79999999999995,-0.064832
286.9999999999999,-0.065253
287.19999999999993,-0.06527700000000003
287.4,-0.06306600000000001
287.5999999999999,-0.06362899999999999
287.79999999999995,-0.06349199999999999
287.9999999999999,-0.062256000000000034
288.19999999999993,-0.05965300000000001
288.4,-0.06032799999999999
288.5999999999999,-0.06103799999999998
288.79999999999995,-0.06017
288.9999999999999,-0.06029100000000004
289.19999999999993,-0.06068599999999996
289.4,-0.060153999999999985
289.5999999999999,-0.058226000000000055
289.79999999999995,-0.06032799999999999
289.9999999999999,-0.061651999999999985
290.19999999999993,-0.06156299999999998
290.4,-0.06198100000000001
290.5999999999999,-0.06265300000000001
290.79999999999995,-0.05973500000000004
290.9999999999999,-0.05651500000000004
291.19999999999993,-0.05438000000000004
291.4,-0.052581000000000044
291.5999999999999,-0.05133199999999999
291.79999999999995,-0.052393999999999996
291.9999999999999,-0.05349100000000001
292.19999999999993,-0.05671900000000002
292.4,-0.05894700000000003
292.5999999999999,-0.06112599999999996
292.79999999999995,-0.06278500000000004
292.9999999999999,-0.06610100000000002
293.19999999999993,-0.06581900000000002
293.4,-0.06588700000000003
293.5999999999999,-0.06374000000000002
293.79999999999995,-0.061206999999999956
293.9999999999999,-0.05805500000000002
294.19999999999993,-0.05789000000000005
294.4,-0.059763999999999984
294.5999999999999,-0.06401699999999999
294.79999999999995,-0.06916500000000003
294.9999999999999,-0.073077
295.19999999999993,-0.074457
295.4,-0.07170300000000002
295.5999999999999,-0.06843700000000003
295.79999999999995,-0.064272
295.9999999999999,-0.06212000000000001
296.19999999999993,-0.060817000000000065
296.4,-0.06120900000000001
296.5999999999999,-0.06015600000000004
296.79999999999995,-0.060566000000000064
296.9999999999999,-0.05799700000000002
297.19999999999993,-0.05845400000000006
297.4,-0.058120000000000005
297.5999999999999,-0.05887199999999998
297.79999999999995,-0.05801000000000006
297.9999999999999,-0.05984000000000006
298.19999999999993,-0.059941999999999995
298.4,-0.064108
298.5999999999999,-0.067158
298.79999999999995,-0.06831399999999999
298.9999999999999,-0.06538300000000002
299.19999999999993,-0.06193799999999999
299.4,-0.05580400000000002
299.5999999999999,-0.05130700000000005
299.79999999999995,-0.049863000000000046
299.9999999999999,-0.05286300000000005
300.19999999999993,-0.05786600000000003
300.4,-0.06196600000000002
300.5999999999999,-0.06481300000000001
300.79999999999995,-0.06731900000000002
300.9999999999999,-0.06832500000000002
301.19999999999993,-0.06890200000000002
301.4,-0.068631
301.5999999999999,-0.06866
301.79999999999995,-0.067471
301.9999999999999,-0.06797000000000003
302.19999999999993,-0.06579600000000002
302.4,-0.066002
302.5999999999999,-0.06726900000000002
302.79999999999995,-0.067961
302.9999999999999,-0.068247
303.19999999999993,-0.070127
303.4,-0.070492
303.5999999999999,-0.069405
303.79999999999995,-0.06720900000000002
303.9999999999999,-0.06606400000000001
304.19999999999993,-0.06393199999999999
304.4,-0.06181300000000006
304.5999999999999,-0.06274099999999999
304.79999999999995,-0.06682300000000002
304.9999999999999,-0.07008900000000001
305.19999999999993,-0.07293100000000002
305.4,-0.07481399999999999
305.5999999999999,-0.073683
305.79999999999995,-0.07106699999999999
305.9999999999999,-0.06723499999999999
306.19999999999993,-0.061668
306.4,-0.05732100000000001
306.5999999999999,-0.05630799999999997
306.79999999999995,-0.058338999999999974
306.9999999999999,-0.05919500000000005
307.19999999999993,-0.06185900000000005
307.4,-0.06480000000000002
307.5999999999999,-0.06526100000000001
307.79999999999995,-0.063193
307.9999999999999,-0.06245000000000006
308.19999999999993,-0.06145700000000004
308.4,-0.05871100000000001
308.5999999999999,-0.057325000000000015
308.79999999999995,-0.05685000000000001
308.9999999999999,-0.055569000000000035
309.19999999999993,-0.055062
309.4,-0.057748999999999995
309.5999999999999,-0.05928300000000003
309.79999999999995,-0.059770000000000045
309.9999999999999,-0.06080199999999997
310.19999999999993,-0.061060999999999976
310.4,-0.05930300000000005
310.5999999999999,-0.05870700000000001
310.79999999999995,-0.05890400000000001
310.9999999999999,-0.06148199999999998
311.19999999999993,-0.06394100000000003
311.4,-0.06621300000000002
311.5999999999999,-0.067944
311.79999999999995,-0.06892700000000002
311.9999999999999,-0.067712
312.19999999999993,-0.06558000000000003
312.4,-0.06309399999999998
312.5999999999999,-0.062260999999999955
312.79999999999995,-0.06079600000000002
312.9999999999999,-0.059286000000000005
313.19999999999993,-0.058085
313.4,-0.05834900000000004
313.5999999999999,-0.05738800000000005
313.79999999999995,-0.056972999999999996
313.9999999999999,-0.05809199999999998
314.19999999999993,-0.06162300000000004
314.4,-0.06287599999999999
314.5999999999999,-0.06429400000000002
314.79999999999995,-0.06817499999999999
314.9999999999999,-0.07069600000000004
315.19999999999993,-0.072042
315.4,-0.07213400000000003
315.5999999999999,-0.07114700000000002
315.79999999999995,-0.06849
315.9999999999999,-0.06598399999999999
316.19999999999993,-0.06372300000000003
316.4,-0.06622600000000001
316.5999999999999,-0.06867800000000002
316.79999999999995,-0.07042199999999998
316.9999999999999,-0.070353
317.19999999999993,-0.07092100000000001
317.4,-0.069496
317.5999999999999,-0.06870599999999999
317.79999999999995,-0.06749
317.9999999999999,-0.06745000000000001
318.19999999999993,-0.06785800000000003
318.4,-0.06964100000000001
318.5999999999999,-0.06886400000000004
318.79999999999995,-0.07130700000000001
318.9999999999999,-0.07369200000000004
319.19999999999993,-0.07419999999999999
319.4,-0.07451400000000002
319.5999999999999,-0.07349500000000003
319.79999999999995,-0.07047799999999999
319.9999999999999,-0.067073
320.19999999999993,-0.06576100000000001
320.4,-0.062614
320.5999999999999,-0.06409700000000002
320.79999999999995,-0.06402200000000002
320.9999999999999,-0.06430800000000003
321.19999999999993,-0.06434499999999999
321.4,-0.06693199999999999
321.5999999999999,-0.06804900000000003
321.79999999999995,-0.06794500000000003
321.9999999999999,-0.06690200000000002
322.19999999999993,-0.06426300000000001
322.4,-0.06181500000000001
322.5999999999999,-0.05911899999999998
322.79999999999995,-0.05848899999999996
322.9999999999999,-0.06251699999999999
323.19999999999993,-0.06650300000000003
323.4,-0.06562800000000002
323.5999999999999,-0.06416500000000003
323.79999999999995,-0.062141999999999975
323.9999999999999,-0.058186000000000015
324.19999999999993,-0.05481200000000003
324.4,-0.056020000000000014
324.5999999999999,-0.05756900000000004
324.79999999999995,-0.06251000000000001
324.9999999999999,-0.06375200000000003
325.19999999999993,-0.065531
325.4,-0.06529800000000002
325.5999999999999,-0.06602000000000002
325.79999999999995,-0.06429699999999999
325.9999999999999,-0.06401600000000002
326.19999999999993,-0.06409700000000002
326.4,-0.06493100000000002
326.5999999999999,-0.06522800000000001
326.79999999999995,-0.06267400000000006
326.9999999999999,-0.05940399999999996
327.19999999999993,-0.05610900000000002
327.4,-0.05354600000000004
327.5999999999999,-0.053249999999999964
327.79999999999995,-0.05494099999999996
327.9999999999999,-0.058794999999999986
328.19999999999993,-0.06275400000000003
328.4,-0.06714999999999999
328.5999999999999,-0.06972300000000003
328.79999999999995,-0.07200600000000001
328.9999999999999,-0.072463
329.19999999999993,-0.07105300000000003
329.4,-0.06806299999999998
329.5999999999999,-0.06658700000000001
329.79999999999995,-0.06465399999999999
329.9999999999999,-0.06304899999999997
330.19999999999993,-0.059125999999999956
330.4,-0.05451900000000004
330.5999999999999,-0.05033800000000005
330.79999999999995,-0.051161999999999985
330.9999999999999,-0.052495000000000014
331.19999999999993,-0.05684600000000001
331.4,-0.06296099999999999
331.5999999999999,-0.06598799999999999
331.79999999999995,-0.06544500000000003
331.9999999999999,-0.06282499999999996
332.19999999999993,-0.05880100000000005
332.4,-0.053812000000000026
332.5999999999999,-0.05235799999999996
332.79999999999995,-0.05074700000000004
332.9999999999999,-0.053093
333.19999999999993,-0.05510100000000001
333.4,-0.059299000000000046
333.5999999999999,-0.06249100000000002
333.79999999999995,-0.06622600000000001
333.9999999999999,-0.06746400000000002
334.19999999999993,-0.07038
334.4,-0.07000200000000001
334.5999999999999,-0.068996
334.79999999999995,-0.06972100000000003
334.9999999999999,-0.07130000000000003
335.19999999999993,-0.07100100000000004
335.4,-0.07140600000000003
335.5999999999999,-0.07252600000000003
335.79999999999995,-0.06886500000000001
335.9999999999999,-0.06639500000000004
336.19999999999993,-0.06462899999999999
336.4,-0.06453000000000003
336.5999999999999,-0.06247799999999998
336.79999999999995,-0.06367699999999998
336.9999999999999,-0.06456699999999999
337.19999999999993,-0.06562899999999999
337.4,-0.06736900000000001
337.5999999999999,-0.068102
337.79999999999995,-0.06862099999999999
337.9999999999999,-0.06644100000000003
338.19999999999993,-0.06551000000000001
338.4,-0.06317899999999999
338.5999999999999,-0.063278
338.79999999999995,-0.06384200000000001
338.9999999999999,-0.064965
339.19999999999993,-0.065133
339.4,-0.06621900000000003
339.5999999999999,-0.06898700000000002
339.79999999999995,-0.07017099999999998
339.9999999999999,-0.071384
340.19999999999993,-0.07161699999999999
340.4,-0.07085400000000003
340.5999999999999,-0.06992100000000001
340.79999999999995,-0.07014100000000001
340.9999999999999,-0.06956099999999998
341.19999999999993,-0.07009700000000002
341.4,-0.07016800000000001
341.5999999999999,-0.068573
341.79999999999995,-0.06630400000000003
341.9999999999999,-0.06512099999999998
342.19999999999993,-0.06605300000000003
342.4,-0.06911100000000003
342.5999999999999,-0.070849
342.79999999999995,-0.07241900000000001
342.9999999999999,-0.07418800000000003
343.19999999999993,-0.073295
343.4,-0.06747900000000001
343.5999999999999,-0.06223000000000006
343.79999999999995,-0.059400000000000064
343.9999999999999,-0.05639600000000006
344.19999999999993,-0.05366200000000004
344.4,-0.05445700000000003
344.5999999999999,-0.057218999999999964
344.79999999999995,-0.05993100000000001
344.9999999999999,-0.06228700000000004
345.19999999999993,-0.06586200000000003
345.4,-0.06703000000000003
345.5999999999999,-0.06762299999999999
345.79999999999995,-0.06595299999999998
345.9999999999999,-0.06599500000000003
346.19999999999993,-0.06465500000000002
346.4,-0.06422800000000001
346.5999999999999,-0.06465599999999999
346.79999999999995,-0.06313400000000002
346.9999999999999,-0.06188500000000002
347.19999999999993,-0.063189
347.4,-0.066353
347.5999999999999,-0.06438100000000002
347.79999999999995,-0.06415300000000002
347.9999999999999,-0.064392
348.19999999999993,-0.06409500000000001
348.4,-0.06323000000000001
348.5999999999999,-0.063197
348.79999999999995,-0.06355700000000003
348.9999999999999,-0.06281200000000003
349.19999999999993,-0.061365999999999976
349.4,-0.06056
349.5999999999999,-0.06251100000000004
349.79999999999995,-0.06650800000000001
349.9999999999999,-0.06997000000000003
350.19999999999993,-0.07053300000000001
350.4,-0.06842199999999998
350.5999999999999,-0.06592200000000004
350.79999999999995,-0.06287300000000001
350.9999999999999,-0.060578999999999994
351.19999999999993,-0.06264399999999998
351.4,-0.06687300000000002
351.5999999999999,-0.06981100000000001
351.79999999999995,-0.06950200000000001
351.9999999999999,-0.068996
352.19999999999993,-0.06844300000000003
352.4,-0.067058
352.5999999999999,-0.065948
352.79999999999995,-0.06782900000000003
352.9999999999999,-0.070162
353.19999999999993,-0.07076199999999999
353.4,-0.07201099999999999
353.5999999999999,-0.07211400000000001
353.79999999999995,-0.07053799999999999
353.9999999999999,-0.069164
354.19999999999993,-0.070293
354.4,-0.07003599999999999
354.5999999999999,-0.06916800000000001
354.79999999999995,-0.068749
354.9999999999999,-0.06829299999999999
355.19999999999993,-0.06549700000000003
355.4,-0.06428600000000001
355.5999999999999,-0.06548300000000001
355.79999999999995,-0.06780200000000003
355.9999999999999,-0.068604
356.19999999999993,-0.072374
356.4,-0.07477700000000004
356.5999999999999,-0.07865300000000003
356.79999999999995,-0.079685
356.9999999999999,-0.081287
357.19999999999993,-0.07816299999999998
357.4,-0.074602
357.5999999999999,-0.06932100000000002
357.79999999999995,-0.065726
357.9999999999999,-0.06280800000000003
358.19999999999993,-0.06166200000000005
358.4,-0.061002000000000056
358.5999999999999,-0.06181500000000001
358.79999999999995,-0.06415199999999999
358.9999999999999,-0.06678600000000001
359.19999999999993,-0.06937199999999999
359.4,-0.07364700000000002
359.5999999999999,-0.07611299999999999
359.79999999999995,-0.077021
359.9999999999999,-0.07619399999999998
360.19999999999993,-0.07561499999999999
360.4,-0.07296800000000003
360.5999999999999,-0.070403
360.79999999999995,-0.06927500000000003
360.9999999999999,-0.06823200000000001
361.19999999999993,-0.06686400000000003
361.4,-0.06717600000000001
361.5999999999999,-0.06997000000000003
361.79999999999995,-0.07213400000000003
361.9999999999999,-0.07364900000000002
362.19999999999993,-0.075212
362.4,-0.07736599999999999
362.5999999999999,-0.078822
362.79999999999995,-0.078264
362.9999999999999,-0.07959300000000002
363.19999999999993,-0.07933299999999999
363.4,-0.07749699999999998
363.5999999999999,-0.07286399999999998
363.79999999999995,-0.068349
363.9999999999999,-0.063861
364.19999999999993,-0.061924000000000035
364.4,-0.06339500000000003
364.5999999999999,-0.064417
364.79999999999995,-0.06612099999999999
364.9999999999999,-0.067164
365.19999999999993,-0.06886700000000001
365.4,-0.06807400000000002
365.5999999999999,-0.06970599999999999
365.79999999999995,-0.07066800000000001
365.9999999999999,-0.07041999999999998
366.19999999999993,-0.07139800000000002
366.4,-0.070801
366.5999999999999,-0.06942100000000001
366.79999999999995,-0.06805700000000003
366.9999999999999,-0.06676199999999999
367.19999999999993,-0.06229199999999996
367.4,-0.06098600000000004
367.5999999999999,-0.060439999999999994
367.79999999999995,-0.062070000000000014
367.9999999999999,-0.063311
368.19999999999993,-0.06586800000000004
368.4,-0.06764700000000001
368.5999999999999,-0.06892799999999999
368.79999999999995,-0.06911800000000001
368.9999999999999,-0.06955300000000003
369.19999999999993,-0.06654300000000002
369.4,-0.06462600000000002
369.5999999999999,-0.06367
369.79999999999995,-0.062668
369.9999999999999,-0.063556
370.19999999999993,-0.06662699999999999
370.4,-0.067934
370.5999999999999,-0.06801099999999999
370.79999999999995,-0.067517
370.9999999999999,-0.06716900000000003
371.19999999999993,-0.06888100000000003
371.4,-0.06933800000000001
371.5999999999999,-0.069222
371.79999999999995,-0.070019
371.9999999999999,-0.07132900000000003
372.19999999999993,-0.06947999999999999
372.4,-0.07019900000000001
372.5999999999999,-0.07088300000000003
372.79999999999995,-0.07039400000000001
372.9999999999999,-0.06823699999999999
373.19999999999993,-0.06871900000000003
373.4,-0.06791900000000001
373.5999999999999,-0.06822
373.79999999999995,-0.06801299999999999
373.9999999999999,-0.06951400000000002
374.19999999999993,-0.070965
374.4,-0.07234000000000002
374.5999999999999,-0.06942900000000002
374.79999999999995,-0.068855
374.9999999999999,-0.069019
375.19999999999993,-0.07047700000000001
375.4,-0.06980900000000001
375.5999999999999,-0.07145099999999999
375.79999999999995,-0.07371500000000003
375.9999999999999,-0.07208300000000001
376.19999999999993,-0.06803500000000001
376.4,-0.066857
376.5999999999999,-0.06786200000000003
376.79999999999995,-0.06565399999999999
376.9999999999999,-0.06697900000000001
377.19999999999993,-0.067577
377.4,-0.06892900000000002
377.5999999999999,-0.07100200000000001
377.79999999999995,-0.073523
377.9999999999999,-0.07574000000000003
378.19999999999993,-0.07892300000000002
378.4,-0.078789
378.5999999999999,-0.07599300000000003
378.79999999999995,-0.07632300000000003
378.9999999999999,-0.07392300000000002
379.19999999999993,-0.071658
379.4,-0.070878
379.5999999999999,-0.07366300000000003
379.79999999999995,-0.073301
379.9999999999999,-0.07330200000000003
380.19999999999993,-0.07258700000000001
380.4,-0.070774
380.5999999999999,-0.06658800000000004
380.79999999999995,-0.06482900000000003
380.9999999999999,-0.06431599999999998
381.19999999999993,-0.06428
381.4,-0.06512400000000002
381.5999999999999,-0.06717000000000001
381.79999999999995,-0.07019999999999998
381.9999999999999,-0.07228000000000001
382.19999999999993,-0.07300699999999999
382.4,-0.07403599999999999
382.5999999999999,-0.07536399999999999
382.79999999999995,-0.07327300000000003
382.9999999999999,-0.071938
383.19999999999993,-0.07161899999999999
383.4,-0.07028000000000001
383.5999999999999,-0.06881599999999999
383.79999999999995,-0.06807200000000002
383.9999999999999,-0.06658200000000003
384.19999999999993,-0.06610500000000002
384.4,-0.06730800000000003
384.5999999999999,-0.06790600000000002
384.79999999999995,-0.06897900000000001
384.9999999999999,-0.07146600000000003
385.19999999999993,-0.07372600000000001
385.4,-0.07514500000000002
385.5999999999999,-0.07582700000000003
385.79999999999995,-0.07577100000000003
385.9999999999999,-0.075289
386.19999999999993,-0.07497199999999998
386.4,-0.07314100000000001
386.5999999999999,-0.07215500000000002
386.79999999999995,-0.073716
386.9999999999999,-0.07495400000000002
387.19999999999993,-0.07339000000000001
387.4,-0.07446200000000003
387.5999999999999,-0.075791
387.79999999999995,-0.07566500000000004
387.9999999999999,-0.07375900000000002
388.19999999999993,-0.073403
388.4,-0.07274600000000003
388.5999999999999,-0.07236399999999998
388.79999999999995,-0.07013200000000003
388.9999999999999,-0.071042
389.19999999999993,-0.072627
389.4,-0.07259100000000002
389.5999999999999,-0.070415
389.79999999999995,-0.06918400000000002
389.9999999999999,-0.06669200000000003
390.19999999999993,-0.06547900000000001
390.4,-0.06565599999999999
390.5999999999999,-0.06783
390.79999999999995,-0.07143700000000003
390.9999999999999,-0.074374
391.19999999999993,-0.07655
391.4,-0.07868200000000003
391.5999999999999,-0.08027699999999999
391.79999999999995,-0.07932899999999998
391.9999999999999,-0.07885200000000003
392.19999999999993,-0.07828099999999999
392.4,-0.07883800000000002
392.5999999999999,-0.07686900000000002
392.79999999999995,-0.07442900000000002
392.9999999999999,-0.072413
393.19999999999993,-0.06965300000000002
393.4,-0.06642799999999999
393.5999999999999,-0.06634099999999998
393.79999999999995,-0.06919999999999998
393.9999999999999,-0.071571
394.19999999999993,-0.071737
394.4,-0.06972300000000003
394.5999999999999,-0.0676
394.79999999999995,-0.06700899999999999
394.9999999999999,-0.06839200000000001
395.19999999999993,-0.07269599999999998
395.4,-0.07850800000000002
395.5999999999999,-0.08281900000000003
395.79999999999995,-0.08138899999999999
395.9999999999999,-0.07851400000000003
396.19999999999993,-0.07373200000000002
396.4,-0.06988500000000003
396.5999999999999,-0.06972300000000003
396.79999999999995,-0.072907
396.9999999999999,-0.07583800000000002
397.19999999999993,-0.07946500000000001
397.4,-0.080907
397.5999999999999,-0.07833400000000001
397.79999999999995,-0.07863599999999998
397.9999999999999,-0.07662800000000003
398.19999999999993,-0.074681
398.4,-0.07317499999999999
398.5999999999999,-0.07292500000000002
398.79999999999995,-0.06900300000000004
398.9999999999999,-0.06687500000000002
399.19999999999993,-0.06260899999999997
399.4,-0.06209999999999999
399.5999999999999,-0.062407000000000046
399.79999999999995,-0.06509199999999998
399.9999999999999,-0.06834000000000001
400.19999999999993,-0.07402000000000003
400.4,-0.07528099999999999
400.5999999999999,-0.075926
400.79999999999995,-0.07521900000000004
400.9999999999999,-0.07531300000000002
401.19999999999993,-0.07461600000000002
401.4,-0.07663400000000004
401.5999999999999,-0.077739
401.79999999999995,-0.079119
401.9999999999999,-0.07805200000000001
402.19999999999993,-0.07918600000000003
402.4,-0.07802400000000004
402.5999999999999,-0.07738500000000004
402.79999999999995,-0.07458100000000001
402.9999999999999,-0.072986
403.19999999999993,-0.07068800000000003
403.4,-0.06948100000000001
403.5999999999999,-0.06918200000000002
403.79999999999995,-0.07021
403.9999999999999,-0.07315300000000002
404.19999999999993,-0.076789
404.4,-0.07726900000000003
404.5999999999999,-0.07599899999999998
404.79999999999995,-0.073963
404.9999999999999,-0.07161300000000004
405.19999999999993,-0.06823400000000002
405.4,-0.06803700000000001
405.5999999999999,-0.06823299999999999
405.79999999999995,-0.06947900000000001
405.9999999999999,-0.06980900000000001
406.19999999999993,-0.07088700000000003
406.4,-0.07328000000000001
406.5999999999999,-0.075235
406.79999999999995,-0.07619999999999999
406.9999999999999,-0.076658
407.19999999999993,-0.076075
407.4,-0.07212400000000002
407.5999999999999,-0.069494
407.79999999999995,-0.06807400000000002
407.9999999999999,-0.067637
408.19999999999993,-0.067029
408.4,-0.06809100000000001
408.5999999999999,-0.06835800000000003
408.79999999999995,-0.06787100000000001
408.9999999999999,-0.06749100000000002
409.19999999999993,-0.068851
409.4,-0.07083300000000003
409.5999999999999,-0.07230400000000003
409.79999999999995,-0.07366400000000001
409.9999999999999,-0.07496900000000001
410.19999999999993,-0.07375999999999999
410.4,-0.071857
410.5999999999999,-0.071745
410.79999999999995,-0.07294300000000004
410.9999999999999,-0.07286500000000001
411.19999999999993,-0.075019
411.4,-0.077382
411.5999999999999,-0.07788
411.79999999999995,-0.07838400000000001
411.9999999999999,-0.07999300000000004
412.19999999999993,-0.07946999999999999
412.4,-0.07808799999999999
412.5999999999999,-0.07572699999999999
412.79999999999995,-0.07347000000000004
412.9999999999999,-0.07338
413.19999999999993,-0.07631500000000002
413.4,-0.07688699999999998
413.5999999999999,-0.07787700000000003
413.79999999999995,-0.07771
413.9999999999999,-0.07518000000000002
414.19999999999993,-0.07078499999999999
414.4,-0.07010500000000003
414.5999999999999,-0.06983400000000001
414.79999999999995,-0.071214
414.9999999999999,-0.07259300000000002
415.19999999999993,-0.07468400000000003
415.4,-0.076569
415.5999999999999,-0.078953
415.79999999999995,-0.07938400000000001
415.9999999999999,-0.07873800000000003
416.19999999999993,-0.07874700000000001
416.4,-0.07804100000000003
416.5999999999999,-0.07836900000000002
416.79999999999995,-0.08085000000000003
416.9999999999999,-0.08151000000000003
417.19999999999993,-0.077374
417.4,-0.07465300000000002
417.5999999999999,-0.07205100000000003
417.79999999999995,-0.06961800000000001
417.9999999999999,-0.069326
418.19999999999993,-0.074513
418.4,-0.07811800000000002
418.5999999999999,-0.08068800000000004
418.79999999999995,-0.08023000000000002
418.9999999999999,-0.07942900000000003
419.19999999999993,-0.07553700000000002
419.4,-0.07259300000000002
419.5999999999999,-0.070266
419.79999999999995,-0.07055800000000001
419.9999999999999,-0.07242599999999999
420.19999999999993,-0.076181
420.4,-0.07938699999999999
420.5999999999999,-0.081646
420.79999999999995,-0.08236100000000002
420.9999999999999,-0.08315899999999998
421.19999999999993,-0.083227
421.4,-0.084291
421.5999999999999,-0.083567
421.79999999999995,-0.08232100000000003
421.9999999999999,-0.07675100000000001
422.19999999999993,-0.07428800000000002
422.4,-0.06995600000000002
422.5999999999999,-0.069359
422.79999999999995,-0.071436
422.9999999999999,-0.07538899999999998
423.19999999999993,-0.075517
423.4,-0.075712
423.5999999999999,-0.074318
423.79999999999995,-0.07109399999999999
423.9999999999999,-0.07081300000000001
424.19999999999993,-0.07127900000000004
424.4,-0.07310900000000004
424.5999999999999,-0.07467800000000002
424.79999999999995,-0.07723000000000002
424.9999999999999,-0.07773200000000002
425.19999999999993,-0.07791100000000001
425.4,-0.07951600000000003
425.5999999999999,-0.08127200000000001
425.79999999999995,-0.08136199999999999
425.9999999999999,-0.08162400000000003
426.19999999999993,-0.08481700000000003
426.4,-0.084652
426.5999999999999,-0.08258900000000002
426.79999999999995,-0.07925700000000002
426.9999999999999,-0.07767400000000002
427.19999999999993,-0.07699899999999998
427.4,-0.07844099999999998
427.5999999999999,-0.08015100000000003
427.79999999999995,-0.08260699999999999
427.9999999999999,-0.08472400000000002
428.19999999999993,-0.08447900000000003
428.4,-0.08302799999999999
428.5999999999999,-0.08190900000000001
428.79999999999995,-0.08163900000000002
428.9999999999999,-0.081434
429.19999999999993,-0.081403
429.4,-0.08009900000000003
429.5999999999999,-0.08130599999999999
429.79999999999995,-0.08310299999999998
429.9999999999999,-0.08199800000000002
430.19999999999993,-0.08027400000000001
430.4,-0.08029200000000003
430.5999999999999,-0.079316
430.79999999999995,-0.078401
430.9999999999999,-0.07911099999999999
431.19999999999993,-0.07959300000000002
431.4,-0.07842199999999999
431.5999999999999,-0.07624200000000003
431.79999999999995,-0.07594000000000001
431.9999999999999,-0.07658900000000002
432.19999999999993,-0.07627899999999999
432.4,-0.07716899999999999
432.5999999999999,-0.07874200000000003
432.79999999999995,-0.07933400000000002
432.9999999999999,-0.07981900000000003
433.19999999999993,-0.08019300000000001
433.4,-0.07976
433.5999999999999,-0.07975199999999999
433.79999999999995,-0.07889499999999999
433.9999999999999,-0.07956000000000002
434.19999999999993,-0.08014300000000002
434.4,-0.079598
434.5999999999999,-0.077521
434.79999999999995,-0.07623400000000002
434.9999999999999,-0.07395000000000002
435.19999999999993,-0.07364900000000002
435.4,-0.07502500000000001
435.5999999999999,-0.079125
435.79999999999995,-0.08264700000000003
435.9999999999999,-0.08474199999999998
436.19999999999993,-0.08452100000000001
436.4,-0.08255200000000001
436.5999999999999,-0.07872400000000002
436.79999999999995,-0.07810899999999998
436.9999999999999,-0.07712200000000002
437.19999999999993,-0.07651600000000003
437.4,-0.078405
437.5999999999999,-0.07974200000000004
437.79999999999995,-0.07827699999999999
437.9999999999999,-0.07746000000000003
438.19999999999993,-0.079982
438.4,-0.08120900000000003
438.5999999999999,-0.08416499999999999
438.79999999999995,-0.08503
438.9999999999999,-0.08595000000000003
439.19999999999993,-0.08305600000000002
439.4,-0.08338299999999998
439.5999999999999,-0.08239200000000002
439.79999999999995,-0.08453
439.9999999999999,-0.08664700000000003
440.19999999999993,-0.08864
440.4,-0.087951
440.5999999999999,-0.08840200000000004
440.79999999999995,-0.08944800000000003
440.9999999999999,-0.08928000000000003
441.19999999999993,-0.08827099999999999
441.4,-0.08687600000000001
441.5999999999999,-0.08707500000000001
441.79999999999995,-0.086119
441.9999999999999,-0.08708199999999999
442.19999999999993,-0.08969300000000002
442.4,-0.093086
442.5999999999999,-0.092449
442.79999999999995,-0.089038
442.9999999999999,-0.086036
443.19999999999993,-0.08348900000000004
443.4,-0.08321
443.5999999999999,-0.08462400000000003
443.79999999999995,-0.085978
443.9999999999999,-0.08721899999999999
444.19999999999993,-0.08734999999999998
444.4,-0.08512200000000003
444.5999999999999,-0.083044
444.79999999999995,-0.08179999999999998
444.9999999999999,-0.07952000000000004
445.19999999999993,-0.07874400000000004
445.4,-0.07774400000000004
445.5999999999999,-0.07719000000000004
445.79999999999995,-0.07861099999999999
445.9999999999999,-0.08035000000000003
446.19999999999993,-0.08143100000000003
446.4,-0.08262000000000003
446.5999999999999,-0.08316099999999998
446.79999999999995,-0.081932
446.9999999999999,-0.08129700000000001
447.19999999999993,-0.08278000000000002
447.4,-0.08499800000000002
447.5999999999999,-0.08571800000000002
447.79999999999995,-0.08687600000000001
447.9999999999999,-0.086306
448.19999999999993,-0.08449899999999999
448.4,-0.084509
448.5999999999999,-0.08649600000000002
448.79999999999995,-0.08681900000000004
448.9999999999999,-0.08885700000000002
449.19999999999993,-0.089729
449.4,-0.087999
449.5999999999999,-0.08554
449.79999999999995,-0.08646599999999999
449.9999999999999,-0.08570900000000004
450.19999999999993,-0.08600600000000003
450.4,-0.08576899999999998
450.5999999999999,-0.08529200000000003
450.79999999999995,-0.08073600000000003
450.9999999999999,-0.07709300000000002
451.19999999999993,-0.07262200000000002
451.4,-0.07100499999999998
451.5999999999999,-0.06956800000000002
451.79999999999995,-0.071324
451.9999999999999,-0.072461
452.19999999999993,-0.074488
452.4,-0.07475799999999999
452.5999999999999,-0.07632700000000003
452.79999999999995,-0.076762
452.9999999999999,-0.07680799999999999
453.19999999999993,-0.074716
453.4,-0.07474000000000003
453.5999999999999,-0.07489099999999999
453.79999999999995,-0.07549
453.9999999999999,-0.07730500000000001
454.19999999999993,-0.08090000000000003
454.4,-0.081573
454.5999999999999,-0.08158700000000002
454.79999999999995,-0.08275500000000002
454.9999999999999,-0.08534900000000001
455.19999999999993,-0.08735799999999999
455.4,-0.08827600000000002
455.5999999999999,-0.089055
455.79999999999995,-0.087704
455.9999999999999,-0.08453
456.19999999999993,-0.08191799999999999
456.4,-0.07939000000000002
456.5999999999999,-0.07733200000000001
456.79999999999995,-0.07741000000000003
456.9999999999999,-0.07961800000000002
457.19999999999993,-0.079268
457.4,-0.07929900000000001
457.5999999999999,-0.08020500000000003
457.79999999999995,-0.07954
457.9999999999999,-0.07685900000000001
458.19999999999993,-0.07787300000000003
458.4,-0.082683
458.5999999999999,-0.08240600000000003
458.79999999999995,-0.08116600000000002
458.9999999999999,-0.08088100000000004
459.19999999999993,-0.08057400000000003
459.4,-0.078185
459.5999999999999,-0.079154
459.79999999999995,-0.080766
459.9999999999999,-0.079733
460.19999999999993,-0.07825700000000002
460.4,-0.07497799999999999
460.5999999999999,-0.07318000000000002
460.79999999999995,-0.07198199999999999
460.9999999999999,-0.07198500000000002
461.19999999999993,-0.07126900000000003
461.4,-0.07177500000000003
461.5999999999999,-0.07202700000000001
461.79999999999995,-0.07585800000000004
461.9999999999999,-0.07713900000000001
462.19999999999993,-0.07821100000000003
462.4,-0.07834200000000002
462.5999999999999,-0.07914900000000002
462.79999999999995,-0.07707900000000001
462.9999999999999,-0.08013200000000004
463.19999999999993,-0.08341199999999999
463.4,-0.086951
463.5999999999999,-0.08767600000000003
463.79999999999995,-0.08872000000000002
463.9999999999999,-0.08728000000000002
464.19999999999993,-0.08395000000000002
464.4,-0.08184800000000003
464.5999999999999,-0.081621
464.79999999999995,-0.07998100000000002
464.9999999999999,-0.07961800000000002
465.19999999999993,-0.07938899999999999
465.4,-0.07892100000000002
465.5999999999999,-0.07913300000000001
465.79999999999995,-0.07791799999999999
465.9999999999999,-0.077214
466.19999999999993,-0.07876300000000003
466.4,-0.08071400000000001
466.5999999999999,-0.079517
466.79999999999995,-0.07778099999999999
466.9999999999999,-0.07545000000000002
467.19999999999993,-0.073857
467.4,-0.073349
467.5999999999999,-0.07572400000000001
467.79999999999995,-0.081928
467.9999999999999,-0.08713199999999999
468.19999999999993,-0.09034200000000003
468.4,-0.09101999999999999
468.5999999999999,-0.09082000000000001
468.79999999999995,-0.08831300000000003
468.9999999999999,-0.08545200000000003
469.19999999999993,-0.084474
469.4,-0.084918
469.5999999999999,-0.08476899999999998
469.79999999999995,-0.08512800000000004
469.9999999999999,-0.08586100000000002
470.19999999999993,-0.08448
470.4,-0.08111499999999999
470.5999999999999,-0.07892300000000002
470.79999999999995,-0.077237
470.9999999999999,-0.07725900000000002
471.19999999999993,-0.07935700000000001
471.4,-0.08123600000000003
471.5999999999999,-0.08129200000000003
471.79999999999995,-0.07980799999999999
471.9999999999999,-0.07903900000000003
472.19999999999993,-0.07683499999999999
