{
    "omit_AAs": "C",
    "force_reject_AA": false,
    "use_multimer_design": true,
    "design_algorithm": "4stage",
    "sample_models": true,
    "rm_template_seq_design": false,
    "rm_template_seq_predict": false,
    "rm_template_sc_design": false,
    "rm_template_sc_predict": false,
    "soft_iterations": 75,
    "temporary_iterations": 45,
    "hard_iterations": 5,
    "greedy_iterations": 15,
    "greedy_percentage": 5,
    "save_design_animations": true,
    "save_design_trajectory_plots": true,
    "weights_plddt": 0.15,
    "weights_pae_intra": 0.4,
    "weights_pae_inter": 0.1,
    "weights_con_intra": 0.3,
    "weights_con_inter": 0.5,
    "intra_contact_distance": 14.0,
    "inter_contact_distance": 20.0,
    "intra_contact_number": 2,
    "inter_contact_number": 1,
    "weights_helicity": -2.0,
    "random_helicity": false,
    "use_i_ptm_loss": true,
    "weights_iptm": 0.05,
    "use_rg_loss": true,
    "weights_rg": 0.25,
    "use_termini_distance_loss": false,
    "weights_termini_loss": 0.1,
    "enable_mpnn": true,
    "mpnn_fix_interface": true,
    "num_seqs": 20,
    "max_mpnn_sequences": 2,
    "sampling_temp": 0.1,
    "sample_seq_parallel": 20,
    "backbone_noise": 0.00,
    "model_path": "v_48_020",
    "mpnn_weights": "soluble",
    "save_mpnn_fasta": false,
    "num_recycles_design": 1,
    "num_recycles_validation": 3,
    "optimise_beta": true,
    "optimise_beta_extra_soft": 0,
    "optimise_beta_extra_temp": 0,
    "optimise_beta_recycles_design": 3,
    "optimise_beta_recycles_valid": 3,
    "remove_unrelaxed_trajectory": true,
    "remove_unrelaxed_complex": true,
    "remove_binder_monomer": true,
    "zip_animations": true,
    "zip_plots": true,
    "save_trajectory_pickle": false,
    "max_trajectories": false,
    "enable_rejection_check": true,
    "acceptance_rate": 0.01,
    "start_monitoring": 50
}
